类别	账号	粉丝数（约）	主要信号类型	作为信号源的价值（趋势/策略应用）
技术分析与交易信号	@PeterLBrandt	889K	图表模式、突破/反转	经典技术分析大师，提供精准图表信号用于趋势判断和入场时机
技术分析与交易信号	@markminervini	672K	动量/SEPA策略、成长股筛选	投资冠军实战策略，捕捉强势趋势股的操作框架
技术分析与交易信号	@RedDogT3	241K	支撑阻力、技术价位	实时价位警报，适合复合技术策略执行
技术分析与交易信号	@DanZanger	240K	突破摆动交易、量价形态	历史纪录级突破警报，趋势跟随策略核心
技术分析与交易信号	@KimbleCharting	48K	图表形态、反转突破	手绘极端价位信号，早期趋势反转预警
技术分析与交易信号	@Citrini7	150K+	趋势主题识别、图表分析	早识别AI等大趋势，实战信号结合
技术分析与交易信号	@InvestorsLive	200K+	日内/波段实盘扫描	实时扫描与风险管理操作示例
技术分析与交易信号	@GarethSoloway	240K	交易警报、技术+宏观	直接可执行警报，适合策略自动化
技术分析与交易信号	@traderDanielle	20K	期权+趋势策略实盘	可复制的复合期权增强策略
技术分析与交易信号	@Barchart	100K+	技术图表、扫描器数据	量化指标扫描，辅助自动化策略
技术分析与交易信号	@alphatrends	392K	多时间框架TA、VWAP、价格行为	资深交易者“only price pays”信号，精确趋势入出场点
技术分析与交易信号	@RampCapitalLLC	446K	市场轮动、情绪观察与图表	幽默犀利叙事，帮助识别sentiment-driven趋势切换
量化/期权与资金流	@spotgamma	136K	Gamma水平、关键价位流动	机构期权驱动的“磁铁”支撑阻力，预测拐点
量化/期权与资金流	@SqueezeMetrics	90K	DIX/GEX、暗池挤压指标	量化情绪与波动率爆发信号，短期趋势反转
量化/期权与资金流	@unusual_whales	3.27M	异常期权流、大单扫描	聪明钱动向早期预警，捕捉机构布局
量化/期权与资金流	@EricBalchunas	405K	ETF资金流、机构申赎	机构资金趋势领先代理信号
量化/期权与资金流	@OptionsHawk	115K	期权流扫描、异常活动	实时聪明钱大单警报，增强执行策略
量化/期权与资金流	@theoptionsflow	中等	异常期权流警报	纯流数据推送，验证机构意图
量化/期权与资金流	@charliebilello	734K	市场统计、历史概率图	数据驱动趋势确认与假突破过滤
量化/期权与资金流	@bespokeinvest	260K	季节性统计、市场广度	板块轮动与广度趋势切换信号
量化/期权与资金流	@CheddarFlow	331K	异常期权流、暗池打印	实时聪明钱流警报，机构活动补充预警
量化/期权与资金流	@Mr_Derivatives	344K	期权/Gamma + 技术长短仓idea	复合衍生品信号，趋势与波动率策略增强
宏观估值与基本面	@elerianm	816K	宏观政策、经济影响	美联储/政策对趋势的驱动预测
宏观估值与基本面	@AswathDamodaran	449K	DCF估值、合理价位分析	个股/大盘估值锚定，避免高估陷阱
宏观估值与基本面	@LizAnnSonders	500K+	宏观图表、趋势数据解读	高质量中长期趋势过滤与展望
宏观估值与基本面	@Ritholtz	244K	市场评论、长期投资框架	理性视角过滤短期噪音
宏观估值与基本面	@BrianFeroldi	655K	财报阅读、公司基本面	个股质量与估值信号，选股基础
宏观估值与基本面	@IBDinvestors	200K+	CAN SLIM成长股榜单	领涨股与成长趋势列表信号
宏观估值与基本面	@morganhousel	621K	行为金融、市场哲学	心理偏差洞见，优化长期策略
宏观估值与基本面	@SJosephBurns	743K	交易心理学、教育框架	心态管理与系统化策略构建
宏观估值与基本面	@steenbab	94K	交易心理、行为偏差案例	实战心态信号，避免情绪化操作
宏观估值与基本面	@DariusDale42	102K	系统宏观研究、风险管理	42 Macro政策与周期信号，趋势框架强化
宏观估值与基本面	@krugermacro	218K	全球宏观 + 美股/AI影响	政策拐点与资产配置领先预测
实时新闻与资讯	@CNBC	5.47M	实时新闻、财报直播	开盘/事件全面触发趋势变化
实时新闻与资讯	@WSJ	20.8M	深度报道、独家调查	背景分析强化信号可信度
实时新闻与资讯	@Bloomberg	8.88M	全球数据、经济指标	专业级实时资讯验证
实时新闻与资讯	@MarketWatch	4.59M	市场新闻、图表更新	日常趋势跟踪与快讯
实时新闻与资讯	@zerohedge	2.53M	突发新闻、另类异动	早披露市场异动（需交叉验证）
实时新闻与资讯	@Benzinga	324K	快讯、评级更新、盘前扫描	日内alpha快讯源
实时新闻与资讯	@DeItaone	500K+	海量头条推送	24/7新闻机器，事件驱动
实时新闻与资讯	@KobeissiLetter	300K+	市场总结、图表评论	结构化每日解读信号
实时新闻与资讯	@Newsquawk	高流量	实时经济/财报警报	宏观事件冲击提前警报
实时新闻与资讯	@Stocktwits	数百万	社交情绪、热股扫描	散户vs机构分歧验证
实时新闻与资讯	@YahooFinance	1.98M	美股实时新闻、财报、数据	全面事件触发与数据验证源
